{
  "buttons": [
    {
      "text": "s",
      "rx": 0.4525,
      "ry": 0.14613778705636743,
      "rw": 0.41,
      "rh": 0.31941544885177453
    },
    {
      "text": "New",
      "rx": 0.4525,
      "ry": 0.511482254697286,
      "rw": 0.4175,
      "rh": 0.2818371607515658
    }
  ]
}